﻿pos_x,pos_y,rotation,side,designator,mpn,pack,footprint,value,mount_type
-71.5,81.5,0.0,top,C1,,,C_Radial_D4.0mm_H7.0mm_P1.50mm,1uF,tht
-93.25,52.975,90.0,top,J1,,,PinSocket_1x02_P2.54mm_Vertical,LEFT FRONT MOTOR,tht
-93.25,56.525,90.0,top,J2,,,PinSocket_1x02_P2.54mm_Vertical,RIGHT FRONT MOTOR,tht
-93.25,60.075,90.0,top,J3,,,PinSocket_1x02_P2.54mm_Vertical,LEFT REAR MOTOR,tht
-93.25,63.625,90.0,top,J4,,,PinSocket_1x02_P2.54mm_Vertical,RIGHT REAR MOTOR,tht
-95.8,71.525,90.0,top,J5,,,PinSocket_1x04_P2.54mm_Vertical,STEPPER RIGHT,tht
-95.8,75.525,90.0,top,J6,,,PinSocket_1x04_P2.54mm_Vertical,STEPPER LEFT,tht
-75.04,54.5,90.0,top,J7,,,PinSocket_1x02_P2.54mm_Vertical,5.5V battery,tht
-72.8751,90.5545,0.0,top,J8,,,CONN_B2P-VH_JST,12V battery,tht
-119.9,98.22,-90.0,bottom,P1,,,PinSocket_2x20_P2.54mm_Vertical,Conn_02x20_Odd_Even,tht
-111.0,59.0,90.0,top,U1,,None,MODULE_ROB-14450,TB6612FNG_MOTOR_DRIVER_FRONT,tht
-111.0,84.0,90.0,top,U2,,None,MODULE_ROB-14450,TB6612FNG_MOTOR_DRIVER_REAR,tht
-72.5,68.0,180.0,top,U3,,,MODULE_A4988_STEPPER_MOTOR_DRIVER_CARRIER,A4988_STEPPER_MOTOR_DRIVER_CARRIER_LEFT,tht
-88.0,87.5,-90.0,top,U4,,,MODULE_A4988_STEPPER_MOTOR_DRIVER_CARRIER,A4988_STEPPER_MOTOR_DRIVER_CARRIER_RIGHT,tht
