﻿Designator,Quantity,Value,Footprint,Package,MPN,DNP,Mount_Type,Description,MF,Description_1,Price,STANDARD,PARTREV,SnapEDA_Link,MP,Availability,MANUFACTURER
C1,1,1uF,C_Radial_D4.0mm_H7.0mm_P1.50mm,,,,tht,"Unpolarized capacitor, small symbol",,,,,,,,,
J1,1,LEFT FRONT MOTOR,PinSocket_1x02_P2.54mm_Vertical,,,,tht,"Generic connector, single row, 01x02, script generated",,,,,,,,,
J2,1,RIGHT FRONT MOTOR,PinSocket_1x02_P2.54mm_Vertical,,,,tht,"Generic connector, single row, 01x02, script generated",,,,,,,,,
J3,1,LEFT REAR MOTOR,PinSocket_1x02_P2.54mm_Vertical,,,,tht,"Generic connector, single row, 01x02, script generated",,,,,,,,,
J4,1,RIGHT REAR MOTOR,PinSocket_1x02_P2.54mm_Vertical,,,,tht,"Generic connector, single row, 01x02, script generated",,,,,,,,,
J5,1,STEPPER RIGHT,PinSocket_1x04_P2.54mm_Vertical,,,,tht,"Generic connector, single row, 01x04, script generated",,,,,,,,,
J6,1,STEPPER LEFT,PinSocket_1x04_P2.54mm_Vertical,,,,tht,"Generic connector, single row, 01x04, script generated",,,,,,,,,
J7,1,5.5V battery,PinSocket_1x02_P2.54mm_Vertical,,,,tht,"Generic connector, single row, 01x02, script generated",,,,,,,,,
J8,1,12V battery,CONN_B2P-VH_JST,,,,tht,,,,,,,,,,
"MK1, MK2, MK3, MK4",4,M2.5,MountingHole_2.7mm_M2.5,,,,tht,,,,,,,,,,
P1,1,Conn_02x20_Odd_Even,PinSocket_2x20_P2.54mm_Vertical,,,,tht,"Generic connector, double row, 02x20, odd/even pin numbering scheme (row 1 odd numbers, row 2 even numbers), script generated (kicad-library-utils/schlib/autogen/connector/)",,,,,,,,,
U1,1,TB6612FNG_MOTOR_DRIVER_FRONT,MODULE_ROB-14450,None,,,tht,,SparkFun Electronics,TB6612FNG - Motor Controller/Driver Power Management Evaluation Board,None,Manufacturer Recommendation,11-13-17,https://www.snapeda.com/parts/ROB-14450/SparkFun/view-part/?ref=snap,ROB-14450,In Stock,Sparkfun Electronics
U2,1,TB6612FNG_MOTOR_DRIVER_REAR,MODULE_ROB-14450,None,,,tht,,SparkFun Electronics,TB6612FNG - Motor Controller/Driver Power Management Evaluation Board,None,Manufacturer Recommendation,11-13-17,https://www.snapeda.com/parts/ROB-14450/SparkFun/view-part/?ref=snap,ROB-14450,In Stock,Sparkfun Electronics
U3,1,A4988_STEPPER_MOTOR_DRIVER_CARRIER_LEFT,MODULE_A4988_STEPPER_MOTOR_DRIVER_CARRIER,,,,tht,,,,,,,,,,
U4,1,A4988_STEPPER_MOTOR_DRIVER_CARRIER_RIGHT,MODULE_A4988_STEPPER_MOTOR_DRIVER_CARRIER,,,,tht,,,,,,,,,,
